Timestamp,Subject,Email Body
2025-01-05 10:30,Account Issue,Request for updating mailing address in the account records.
2025-01-08 14:20,Credit Card Query,Inquiry about increasing the credit limit on my Active Cash card.
2025-01-10 09:45,Loan Pre-Approval,Request for home loan pre-approval based on my current credit score.
2025-01-12 16:00,Fraud Alert,"Unauthorized transaction detected on my account, need urgent resolution."
2025-01-15 11:10,Statement Request,Requesting a copy of last 6 months' account statements.
2025-01-18 13:30,Fee Waiver Request,Asking for a waiver on the annual fee of my credit card.
2025-01-20 17:45,Mobile App Issue,"Facing trouble logging into Wells Fargo mobile app, need assistance."
2025-01-22 12:50,Mortgage Inquiry,Requesting details on current mortgage rates and refinancing options.
2025-01-25 14:10,Auto Loan Payment,"Issue with processing auto loan payment this month, need clarification."
2025-01-28 09:00,Online Banking Issue,"Unable to reset my online banking password, requesting manual reset."
2025-01-30 15:40,Dispute Transaction,Requesting a chargeback for an incorrect transaction on my card.
2025-02-02 08:55,Check Deposit Delay,"My mobile check deposit has been pending for too long, need update."
2025-02-04 18:20,Investment Advice,Seeking guidance on best mutual fund options with moderate risk.
2025-02-07 10:10,Branch Visit Appointment,Need to schedule an appointment at the nearest branch.
2025-02-09 14:50,Interest Rate Inquiry,Checking if my savings account interest rate can be improved.
2025-02-11 12:00,Recurring Payment Setup,Need help setting up automatic bill payments for my utilities.
2025-02-13 16:15,Tax Document Request,Requesting annual tax documents for my account.
2025-02-16 09:30,ATM Withdrawal Issue,"ATM deducted money but did not dispense cash, need refund."
2025-02-18 11:45,Travel Notice,Notifying the bank of my upcoming international trip to avoid card blocks.
2025-02-20 13:00,Business Account Opening,Inquiring about requirements for opening a business account.
